Clinic,Address,City,St,Zip,Website,Phone,Phone2
A Capital Women's Health Clinic,"1511 Starling Drive, Henrico",Richmond,VA,23229,http://capitalwomenshealth.com,(804) 754-1569,
A Preferred Women's Health Center-Charlotte,3220 Latrobe Dr.,Charlotte,NC,28211,http://apwhc.com,(888) 562-7415,
A Preferred Women's Health Center-Raleigh,1604 Jones Franklin Rd.,Raleigh,NC,27606,http://apwhc.com,(888) 562-7415,
"A Preferred Women's Health Center, Augusta",2903 Professional Pkwy.,Augusta,GA,30907,http://apwhc.com,(888) 562-7415,
"A Preferred Women's Health Center, Forest Park",519 Forest Parkway,Forest Park,GA,30297,http://apwhc.com,(888) 562-7415,
A Tidewater Women's Health Clinic,891 Norfolk Sq.,Norfolk,VA,23502,http://hyourchoice-va.com,(757) 461-0011,
A Woman's Choice of Charlotte,421 N. Wendover Road,Charlotte,NC,28211,https://www.awomanschoiceinc.com/awc-charlotte,(704) 367-2255,
A Woman's Choice of Greensboro,2425 Randleman Rd.,Greensboro,NC,27406,https://www.awomanschoiceinc.com/awc-greensboro,(844) 219-7668,
A Woman's Choice of Jacksonville,4131 University Blvd. South,Jacksonville,FL,32216,http://awomanschoiceinc.com,(904) 448-8877,(800) 298-8874
A Woman's Choice of Raleigh,3305 Drake Circle,Raleigh,NC,27607,https://www.awomanschoiceinc.com/awc-raleigh,(919) 781-6934,(800) 540-5690
A-All Women Care,7908 West Sahara Avenue,Las Vegas,NV,89117,http://lvgyn.com,(702) 531-5400,
A-Z Women's Center,1670 East Flamingo Rd.,Las Vegas,NV,89119,http://drramos.com,(702) 892-0660,
Acacia Women's Center,1615 E Osborn Road,Phoenix,AZ,85016,https://abortionclinicsarizona.com/,(602) 462-5559,
Access Health Center,1799 75th St.,Downers Grove,IL,60516,http://AccessHealthCenter.net,(630) 964-0000,(800) 244-0552 (IL)
Advantage Health Care,203 E. Irving Park Rd.,Wood Dale,IL,60191,http://AdvantageHealthCareLtd.com,(630) 595-1515,(888) 795-1515
Affiliated Women's Medical Services,1428 North Farwell Ave.,Milwaukee,WI,53202,http://affiliatedmedicalservices.com,(414) 278-0424,(800) 498-0424
Alabama Women's Center for Reproductive Alternatives,4831 Sparkman Drive NW,Huntstville,AL,35810,http://alabamawomensclinic.com/,(256) 536-2231,
Alamo Women's Reproductive Services,7402 John Smith Drive,San Antonio,TX,78229,https://www.alamowomensclinic.com/,(210) 614-4742,
"Alamosa (Planned Parenthood of the Rocky Mountains, Inc.)",1560 12th Street #7,Alamosa,CO,81101,http://pprm.org,(719) 589-4906,
Albany Health Center (Upper Hudson Planned Parenthood),855 Central Ave,Albany,NY,12206,https://uhpp.org,(518) 434-5678,
Alhambra Health Center (Planned Parenthood of Pasadena and the San Gabriel Valley),330 S Garfield Ave.,Los Angeles,CA,90041,https://pppsgv.org,(626) 798-0706,
All Families Health Care,737 Spokane Avenue,Whitefish,MT,59937,https://www.allfamilieshealth.org/,(406) 730-8682,
All Women's Care,9730 3rd Ave NE,Seattle,WA,98115,http://seattleabortion.com,(206) 985-9553,(888) 949-6636
"All Women's Health Center of Gainesville, Inc.",1135 NW 23rd Ave,Gainesville,FL,32609,http://floridaabortion.com,(352) 378-9191,(800) 869-0440
"All Women's Health Center of Jacksonville, Inc.",1545 Huffingham Road,Jacksonville,FL,32216,http://floridaabortion.com,(904) 731-2755,(800) 733-2755
All Women's Health Center of North Tampa,14498 University Cove Place,Tampa,FL,33613,http://floridaabortion.com,(813) 978-1919,(800) 733-7907
"All Women's Health Center of Orlando, Inc.",431 Maitland Ave,Altamonte Springs,FL,32701,https://floridaabortion.com,(407) 834-2262,(888) 257-2262
"All Women's Health Center of Sarasota, Inc.",2700 South Tamiami Trail,Sarasota,FL,34239,http://floridaabortion.com,(941) 366-7066,(800) 347-7066
"All Women's Health Center of St. Petersburg, Inc.",4131 Central Avenue,St. Petersburg,FL,33713,http://floridaabortion.com,(727) 327-3300,
"All Women's Health Center of Tampa, Inc.",3330 W. Kennedy Blvd.,Tampa,FL,33609,http://floridaabortion.com,(813) 874-0505,(800) 736-0505
"All Women's Health, PLLC",3711 Pacific Ave #200,Tacoma,WA,98418,http://allwomenshealthtacoma.com/,(253) 471-3464,(877) 471-3464
"All Women's Medical Office Based Surgery, PLLC, Forest Hills",120-34 Queens Blvd,Key Gardens,NY,11415,http://nyabortion.com,(718) 793-1943,(800) 223-3909
"All Women's Medical Office Based Surgery, PLLC, White Plains",222 Mamaroneck Ave.,White Plains,NY,10605,http://nyabortion.com,(914) 946-0050,(800) 223-3909
Allegheny Reproductive Health Center,5910 Kirkwood St,Pittsburgh,PA,15206,http://alleghenyreproductive.com,(412) 661-8811,(800) 221-3988 (regional)
Allentown Women's Center,31 S. Commerce Way,Bethlehem,PA,18017,http://allentownwomenscenter.com,(484) 821-0821,(877) DIAL-AWC
American Women's Medical Center  -  Des Plaines,110 South River Rd.,Plaines,IL,60016,http://americanwomensmedicalcenter.com,(847) 294-9614,
American Women's Medical Group  -  Chicago,2744 North Western Ave.,Chicago,IL,60647,http://americanwomensmedicalcenter.com,(773) 772-7727,(800) 722-2636
Ames Center (Planned Parenthood North Central States),2530 Chamberlain Street,Ames,IA,50014,https://ppncs.org,(877) 811-7526,
Annapolis Health Center (Planned Parenthood of Maryland),929 West Street,Annapolis,MD,21401,https://ppmaryland.org,(410) 576-1414,
Asheville Health Center (Planned Parenthood South Atlantic),68 Mcdowell St,Asheville,NC,28801,https://ppsat.org,(828) 252-7928,
Atlanta Comprehensive Wellness Clinic,"1874 Piedmont Ave, NE",Atlanta,GA,30324,http://acwcmidtownabortionclinic.com/,770-212-9660,
Atlanta Women's Medical Center,235 West Wieuca Rd.,Atlanta,GA,30342,http://atlantawomensmedicalcenter.com,(404) 257-0057,
Audre Rapoport Abortion Services Center (Planned Parenthood of Greater Texas Surgical Health Services),700 West Highway 6,Waco,TX,76712,https://ppgt.org,(254) 230-9864,
"Aurora (Planned Parenthood of the Rocky Mountains, Inc.)",1284 Abilene Street,Aurora,CO,80012,http://pprm.org,(303) 369-9682,
Austin Women's Health Center,1902 South IH 35,Austin,TX,78704,http://austinwomenshealth.com,(512) 443-2888,(800) 252-7016
Baldwin Park Health Center (Planned Parenthood of Pasadena and the San Gabriel Valley),4070 Sterling Way,Baldwin Park,CA,91706,https://pppsgv.org,(626) 798-0706,
Baltimore City Health Center (Planned Parenthood of Maryland),330 N. Howard Street,Baltimore,MD,21201,https://ppmaryland.org,(410) 576-1414,
Barre Health Center (Planned Parenthood of Northern New England),90 Washington Street,Barre,VT,05641,http://ppnne.org,(802) 476-6696,
Batavia Health Center (Planned Parenthood of Central and Western New York),222 W Main Street,Batavia,NY,14020,https://ppcwny.org,(585) 546-2595,(800) 230-7526
Beaverton Health Center (Planned Parenthood Columbia Willamette),12220 SW 1st St.,Beaverton,OR,97005,http://ppcw.org,(503)788-7273,(888) 875-7820
Bellingham Health Center (Mt. Baker Planned Parenthood),1509 Cornwall Avenue,Bellingham,WA,98225,http://mbpp.org,(360) 734-9007,
Bend Health Center (Planned Parenthood Columbia Willamette),2330 NE Division,Bend,OR,97701,http://ppcw.org,(503)788-7273,(888) 875-7820
Bennington Health Center (Planned Parenthood of Northern New England),194 North Street,Bennington,VT,05201,https://ppnne.org,(802) 442-8166,
Beth Israel Deaconess Medical Center,330 Brookline Avenue,Boston,MA,02215,http://bidmc.org,(617) 667-7493,
Birth Control Care Center,872 East Sahara Ave.,Las Vegas,NV,89104,http://birthcontrolcarecenter.com,(702) 733-7858,(800) 255-7889
Blue Mountain Clinic,610 N. California St,Missoula,MT,59802,http://bluemountainclinic.org,(406) 721-1646,(800) 727-2546
"Boca Raton Health Center (Planned Parenthood of South, East and North Florida, Inc.)",8177 Glades Road Bay 25,Boca Raton,FL,33434,https://ppsenfl.org,(561) 226-4116,
Boston Medical Center Ob/Gyn,85 East Concord St.,Boston,MA,02118,http://bmc.org,(617) 414-5593,
"Boulder (Planned Parenthood of the Rocky Mountains, Inc.)",2525 Arapahoe Avenue,Boulder,CO,80302,http://pprm.org,(303) 447-1040,
Boulder Abortion Clinic,1130 Alpine Avenue,Boulder,CO,80304,http://drhern.com,(303) 447-1361,(800) 535-1287
Boulder Valley Women's Health Center,2855 Valmont Road,Boulder,CO,80301,http://bvwhc.org,(303) 442-5160,
Bread & Roses,1560 S. Highland Ave.,Clearwater,FL,33756,http://tampabayabortionclinics.com,(727) 446-2690,
Bread & Roses Women's Health Center – Gainesville Woman Care,1233 NW 10th Ave.,Gainesville,FL,32601,http://breadroses.com,(352) 372-1664,
"Brigham & Women's Hospital, Family Planning Clinic",1620 Tremont Street,Boston,MA,02120,https://www.brighamandwomens.org/obgyn/family-planning/family-planning-division,(617) 732-4090,
Brooklyn Park Health Center (Planned Parenthood North Central States),7532 Brooklyn Blvd.,Brooklyn Park,MN,55443,https://ppncs.org,(763) 560-3050,
Buffalo Health Center (Planned Parenthood of Central and Western New York),2697 Main Street.,Buffalo,NY,14214,https://ppcwny.org,(716) 205-0704,(800) 230-7526
Burlington Health Center (Planned Parenthood of Northern New England),183 St. Paul Street,Burlington,VT,05401,http://ppnne.org,(802) 863-6326,
"Camden Center (Planned Parenthood of Northern, Central and Southern New Jersey, Inc.)",317 Broadway,Camden,NJ,08103,https://ppncsnj.org,(856) 365-3519,
Camelback Family Planning,4141 N 32nd Street,Phoenix,AZ,85018,http://camelbackfamilyplanning.com,(602) 279-2337,
Canandaigua Health Center (Planned Parenthood of Central and Western New York),15 LaFayette Avenue,Canandaigua,NY,14424,https://ppcwny.org,(585) 546-2595,(800) 230-7526
Canton Health Center (Planned Parenthood of the North Country New York),9 Miner Street,Canton,NY,13617,https://ppncny.org,(315) 386-8821,
Capital Care of Toledo,1160 W Sylvania Ave,Toledo,OH,43612,http://capitalcarenetwork.com/,(419) 478-6801,
carafem  -  Atlanta,1800 Peachtree St NW,Atlanta,GA,30309,https://carafem.org/location/carafem-health-center-atlanta/,(877) 708-2423,
carafem  -  Chicago Metro,4711 Golf Road,Skokie,IL,60076,https://carafem.org/location/carafem-health-center-chicago/,(855) 729-2272,
carafem  -  DC Metro,5530 Wisconsin Ave,Chevy Chase,MD,20815,https://carafem.org/location/carafem-health-center-washington-dc/,(877) 721-2596,
carafem-Nashville Metro,5002 Crossings Circle,Mt. Juliet,TN,37122,https://carafem.org/location/carafem-health-center-nashville/,(877) 708-2423,
CARE- Clinics for Abortion and Reproductive Excellence  -  Bellevue,1002 West Mission Ave.,Bellevue,NE,68005,https://abortionclinics.org/bellevue-nebraska/,(402) 291-4797,
CARE- Clinics for Abortion and Reproductive Excellence  -  Bethesda,10401 Old Georgetown Road,Bethesda,MD,20814,http://abortionclinics.org/,(888) 684-3599,
"Carol Whitehill Moses Center (Planned Parenthood of Metropolitan Washington, DC)",1225 4th St NE,Washington,DC,20002,https://ppmetrodc.org,(202) 347-8500,
Cedar Falls Center (Planned Parenthood North Central States),2520 Melrose Dr.,Cedar Falls,IA,50613,https://ppncs.org,(877) 811-7526,
Cedar River – Seattle,509 Olive Way,Seattle,WA,98101,http://cedarriverclinics.org,(206) 957-0990,(866) 632-6622
Cedar River Clinics – Renton,263 Rainier Ave S.,Renton,WA,98057,http://cedarriverclinics.org,(425) 255-0471,
Cedar River Clinics – Tacoma,1401-A Martin Luther King Jr. Way.,Tacoma,WA,98405,http://cedarriverclinics.org,(253) 473-6031,(800) 572-4223
Cedars Sinai Family Planning Services Clinic,444 S. San Vicente Avenue,Los Angeles,CA,90048,http://www.cedars-sinai.edu/,(310) 423-9268,
Center for Women's Health-Overland Park,4840 College Blvd.,Overland Park,KS,66211,http://hodesnauser.com,(913) 491-6878," MO)"""
Central Massachusetts Health Center (Planned Parenthood League of Massachusetts),470 Pleasant Street,Worcester,MA,01609,https://pplm.org,(800) 258-4448,
Chapel Hill Health Center (Planned Parenthood South Atlantic),1765 Dobbins Drive,Chapel Hill,NC,27514,https://ppsat.org,(919) 942-7762,
Charleston Health Center (Planned Parenthood South Atlantic),1312 Ashley River Rd.,Charleston,SC,29407,https://ppsat.org,(843) 628-4380,
Charlottesville Health Center (Planned Parenthood South Atlantic),2964 Hydraulic Dr.,Charlottesville,VA,22901,https://ppsat.org,434-296-1000,
Cherry Hill Women's Center,502 Kings Hwy. North,Cherry Hill,NJ,08034,http://cherryhillwomenscenter.com,(856) 667-5910,(800) 877-6331
Choices,1726 Poplar Avenue,Memphis,TN,38104,http://mcrh-tn.org,(901) 274-3550,
Choices Women's Medical Center,147-32 Jamaica Avenue,Jamaica,NY,11435,http://choicesmedical.com,(718) 786-5000,
Choix,,,,,https://www.mychoix.co/,(858) 203-0531,
Christiana Care Health Services,4735 Ogletown Stanton Road,Newark,DE,19713,https://christianacare.org/,(302) 623-4175,
Clinic for Women,7005 Normandy Way,Indianapolis,IN,46278,http://clinic4women.net,(317) 955-2641,(800) 545-2400 (IN)
"Colorado Springs (Planned Parenthood of the Rocky Mountains, Inc.)",3480 Centennial Blvd.,Colorado Springs,CO,80907,http://pprm.org,(719) 475-7162,
Columbia Health Center (Planned Parenthood South Atlantic),2712 Middleburg Dr.,Columbia,SC,29204,https://ppsat.org,(803) 256-4908,
Columbia Presbyterian Family Planning and Preventive Services,622 W 168th St,New York,NY,10032,,(212) 305-4805,
Columbus Women's Health,3850 Rosemont Drive,Columbus,GA,31904,https://www.columbuswomenshealthcare.com/,(706) 323-8363,
Comprehensive Women's Health Center,130 Rampart Way Suite 150,Denver,CO,80230,http://cwhccolorado.com,(720) 810-5442,
Council Bluffs Health Center (Planned Parenthood North Central States),1604 Second Ave,Council Bluffs,IA,51501,https://ppncs.org,(877) 811-7526,
Delaware County Women's Center,1 Medical Center Blvd.,Upland,PA,19013,http://delawarecountywomenscenter.com/,(610) 874-4361,
"Delran Center (Planned Parenthood of Northern, Central and Southern New Jersey, Inc.)",8008 Route 130N,Delran,NJ,08075,https://ppncsnj.org,(609) 788-3195,
Delta Clinic for Women,756 Colonial Dr,Baton Rouge,LA,70737,,(225) 923-3242,
"Denver (Planned Parenthood of the Rocky Mountains, Inc.)",7155 E. 38th Avenue,Denver,CO,80207,http://pprm.org,(303) 321-2458,
Desert Star Family Planning,1526 W Glendale Avenue,Phoenix,AZ,85021,http://desertstarfp.com,(480) 447-8857,
Dover Center (Planned Parenthood of Delaware),805 S Governors Avenue,Dover,DE,19904,http://ppde.org,(302) 678-5200,
DuPont Clinic,1120 19th Street NW,Washington,DC,20036,https://dupontclinic.com,(202) 844-2004,
"Durango (Planned Parenthood of the Rocky Mountains, Inc.)",46 Suttle Drive,Durango,CO,81303,http://pprm.org,(970) 259-4205, CO
Early Options,124 East 40th Street,New York,NY,10016,http://earlyoptions.com,(212) 431-8533,
East Orlando Health Center (Planned Parenthood of Southwest and Central Florida),11500 University Blvd,Orlando,FL,32817,https://ppswcf.org/,(407) 246-1788,
Eastland Women's Clinic,15921 East 8 Mile Rd.,Eastpointe,MI,48021,http://eastlandwomensclinic.com/,(586) 774-4190,
Easton Health Center (Planned Parenthood of Maryland),8579 Commerce Drive,Easton,MD,21601,https://ppmaryland.org,(410) 576-1414,
El Paso Abortion Services Center (Planned Parenthood of Greater Texas Surgical Health Services),1511 E. Missouri Avenue,El Paso,TX,79902,https://ppgt.org,(915) 626-5192,
"Elizabeth Health Center (Planned Parenthood of Northern, Central and Southern New Jersey, Inc.)",1171 Elizabeth Avenue,Elizabeth,NJ,07201,https://ppncsnj.org,(908) 351-5384,
Emma Goldman Clinic for Women,227 North Dubuque St,Iowa City,IA,52245,http://emmagoldman.com,(319) 337-2111,
EMW Women's Surgical Center,136 W. Market St.,Louisville,KY,40202,http://emwwomens.com,(502) 589-2124,(800) 292-2189 (KY)
"Englewood Health Center  (Planned Parenthood of Northern, Central and Southern New Jersey, Inc.)",46 N Van Brunt Street,Englewood,NJ,07631,https://ppncsnj.org,(201) 894-0966,
Equality Health Center,38 South Main St.,Concord,NH,03301,http://feministhealth.org,(603) 225-2739,
Eve Medical of Miami,8603 S. Dixie Hwy,Miami,FL,33143,http://eveabortioncarespecialists.com,(305) 668-5629,
Fairview Heights Health Center (Planned Parenthood of the St. Louis Region and Southwest Missouri),317 Salem Place,Fairview Heights,IL,62208,https://ppslr.org,(618) 277-6668,
Falls Church Healthcare Center,900 S. Washington St,Falls Church,VA,22046,http://fallschurchhealthcare.com,(703) 532-2500,(800) 228-3561
Family Planning Associates Medical Group,659 West Washington Blvd,Chicago,IL,60661,http://fpachicago.com,(312) 707-8988,(800) 586-3764
Family Planning Associates Medical Group of Phoenix,1331 N. 7th Street,Phoenix,AZ,85006,http://www.fpamg.com,(602) 553-0440,
Family Planning Services at Rush,1645 W Jackson Blvd,Chicago,IL,60612,https://www.rush.edu/services/family-planning-services,(312) 942-2298,
Family Reproductive Health,700 E. Hebron St,Charlotte,NC,28273,http://familyreproductive.com,(704) 551-0808,(800) 952-9034
Fayetteville Health Center (Planned Parenthood South Atlantic),4551 Yadkin Rd.,Fayetteville,NC,28303,https://ppsat.org,(866) 942-7762,
Femi-Care Surgery Center,66 Painters MIll Road,Owings Mills,MD,21117,http://femicaresurgerycenter.com,(443) 394-0520,(800) 355-0523
Feminist Women's Health Center,1924 Cliff Valley Way NE,Atlanta,GA,30329,http://feministcenter.org,(404) 728-7900,(800) 877-6013
"Flemington Health Center (Planned Parenthood of Northern, Central and Southern New Jersey, Inc.)",349 Rt 31 South Building B,Flemington,NJ,08822,https://ppncsnj.org,(908) 782-7727,
"Fort Collins (Planned Parenthood of the Rocky Mountains, Inc.)",825 South Shields Street,Fort Collins,CO,80521,http://pprm.org,(970) 493-0281,
Fort Myers Health Center (Planned Parenthood of Southwest and Central Florida),6418 Commerce Park Drive,Fort Myers,FL,33966,https://ppswcf.org/,(239) 481-9999,
Four Women Health Services,150 Emory St,Attleboro,MA,02703,http://fourwomen.com,(508) 222-7555,
"FPA Women's Health, Bakersfield",2500 H Street,Bakersfield,CA,93301-2818,https://www.fpawomenshealth.com/,(661) 633-5266,
"FPA Women's Health, Canoga Park",7023 Owensmouth Avenue,Canoga Park,CA,91303-2006,https://www.fpawomenshealth.com/,(818) 444-9870,
"FPA Women's Health, Downey",8635 Firestone Boulevard Suite 100,Downey,CA,90241-5242,https://www.fpawomenshealth.com/,(562) 862-5121,
"FPA Women's Health, East Los Angeles",4922 Whittier Blvd,East Los Angeles,CA,90022-1111,https://www.fpawomenshealth.com/,(323) 201-9343,
"FPA Women's Health, El Cajon",1625 E. Main St. Suite 202,El Cajon,CA,92021-5245,https://www.fpawomenshealth.com/,(858) 547-7100,
"FPA Women's Health, Fresno",165 N Clark Street,Fresno,CA,93701-2108,https://www.fpawomenshealth.com/,(559) 233-8657,
"FPA Women's Health, Glendale",372 Arden Ave Suite 200,Glendale,CA,91203-4002,https://www.fpawomenshealth.com/,(818) 502-1341,
"FPA Women's Health, Inglewood",301 N Prairie Ave Suite 611,Inglewood,CA,90301-4513,https://www.fpawomenshealth.com/,(323) 987-8879,
"FPA Women's Health, Lancaster",43845 W 10th St Suite 1E,Lancaster,CA,93534-4800,https://www.fpawomenshealth.com/,(661) 371-2629,
"FPA Women's Health, Long Beach",2777 Long Beach Blvd Suite 200,Long Beach,CA,90806-1513,https://www.fpawomenshealth.com/,(562) 595-5653,
"FPA Women's Health, Los Angeles",601 S Westmoreland Ave,Los Angeles,CA,90005-3999,https://www.fpawomenshealth.com/,(213) 738-7283,
"FPA Women's Health, Mission Hills",10200 Sepulveda Blvd Suite 200,Mission Hills,CA,91345-2657,https://www.fpawomenshealth.com/,(818) 893-6949,
"FPA Women's Health, Modesto",2030 Coffee Road Suite A 1,Modesto,CA,95355-2498,https://www.fpawomenshealth.com/,(209) 578-0443,
"FPA Women's Health, Oakland",400 29th Street Suite 301,Oakland,CA,94609-3522,https://www.fpawomenshealth.com/,(510) 899-7099,
"FPA Women's Health, Oxnard",1700 Lombard Street Suite 110,Oxnard,CA,93030-8211,https://www.fpawomenshealth.com/,(805) 822-5879,
"FPA Women's Health, Pomona",1996 Indian Hill Blvd,Pomona,CA,91767-3620,https://www.fpawomenshealth.com/,(909) 626-2463,
"FPA Women's Health, Riverside",3660 Park Sierra Drive Suite 202,Riverside,CA,92505-3071,https://www.fpawomenshealth.com/,(951) 637-2100,
"FPA Women's Health, Sacramento",2322 Butano Dr. Suite 205,Sacramento,CA,95825-0629,https://www.fpawomenshealth.com/,(916) 483-2885,
"FPA Women's Health, San Bernardino",855 E Hospitality Ln,San Bernardino,CA,92408-3596,https://www.fpawomenshealth.com/,(909) 885-0282,
"FPA Women's Health, San Jose",2100 Forest Ave Suite 108,San Jose,CA,95128-1422,https://www.fpawomenshealth.com/,(408) 240-2614,
"FPA Women's Health, Santa Ana",1901 N Tustin Ave,Santa Ana,CA,92705-7817,https://www.fpawomenshealth.com/,(657) 859-5463,
"FPA Women's Health, Santa Monica",12304 Santa Monica Blvd Suite 116,Los Angeles,CA,90025-2586,https://www.fpawomenshealth.com/,(310) 820-8084,
"FPA Women's Health, Temecula",41715 Winchester Road Suite 204,Temecula,CA,92590-4854,https://www.fpawomenshealth.com/,(951) 695-5471,
"FPA Women's Health, Torrance",24241 Hawthorne Blvd. Suite 201,Torrance,CA,90505-1928,https://www.fpawomenshealth.com/,(310) 373-1042,
"FPA Women's Health, West Covina",501 S. Vincent Ave. Suite 205,West Covina,CA,91790-3964,https://www.fpawomenshealth.com/,(626) 572-8800,
Frederick Health Center (Planned Parenthood of Maryland),170 Thomas Johnson Dr Suite 100,Frederick,MD,21702,https://ppmaryland.org,(410) 576-1414,
"Freehold Center (Planned Parenthood of Northern, Central and Southern New Jersey, Inc.)",800 W Main Street,Freehold,NJ,07728,https://ppncsnj.org,(732) 431-1717,
Ft. Myers Women's Health Center,3900 Broadway Bldg. C,Ft. Myers,FL,33901,http://floridaabortion.com,(239) 936-4494,(800) 733-4494
"Gaithersburg Center (Planned Parenthood of Metropolitan Washington, DC)",19650 Clubhouse Rd #104,Gaithersburg,MD,20877,https://ppmetrodc.org,(301) 208-1300,
Glendora Health Center (Planned Parenthood of Pasadena and the San Gabriel Valley),130 W Route 66,Glendora,CA,91740,https://pppsgv.org,(626) 798-0706,
"Glenwood Springs (Planned Parenthood of the Rocky Mountains, Inc.)",50923 Highway 6,Glenwood Springs,CO,81601,http://pprm.org,(970) 945-8631,
"Golden Glades Miami Health Center (Planned Parenthood of South, East and North Florida, Inc.)",585 NW 161 St,Miami,FL,33169,https://ppsenfl.org,(305) 830-4111,
Greater Boston Health Center (Planned Parenthood League of Massachusetts),1055 Commonwealth Avenue,Boston,MA,02215,https://pplm.org,(800) 258-4448,
Greece Health Center (Planned Parenthood of Central and Western New York),2824 W Ridge Road,Rochester,NY,14626,https://ppcwny.org,(585) 546-2595,
"Greely (Planned Parenthood of the Rocky Mountains, Inc.)",3487-B W 10th St,Greely,CO,80634,http://pprm.org,(970) 352-4790,
"Gynecology & More, Inc.",1933 West 60th St.,Hialeah,FL,33012,,(305) 824-1788,
Gynemed Surgi-Center,17 Fontana Lane,Baltimore,MD,21237,http://gynemed.org,(410) 391-1000,
"Hackensack Health Center (Planned Parenthood of Northern, Central and Southern New Jersey, Inc.)",575 Main Street,Hackensack,NJ,07601,https://ppncsnj.org,(201) 489-1140,
Hagerstown Reproductive Health Services,160 West Washington St.,Hagerstown,MD,21740,http://potomacfamilyplanning.com,(301) 733-2400, WV
Hallmark Women's Clinic-Fayetteville,1919 Gillespie Street,Fayetteville,NC,28306,http://ahallmarkwomensclinic.com,(910) 323-3792,(800) 682-8677
Hallmark Women's Clinic-Winston Salem,491 N Cleveland Ave.,Winston-Salem,NC,27101,http://ahallmarkwomensclinic.com/,(336) 725-4924,
"Hamilton Health Center (Planned Parenthood of Northern, Central and Southern New Jersey, Inc.)",2279 State Highway 33,Hamilton Square,NJ,08690,https://ppncsnj.org,(609) 599-4881,
Hamilton Health Center (Planned Parenthood Southwest Ohio Region),11 Ludlow St,Hamilton,OH,45011,https://ppswo.org,(513) 856-8332,
Hartford GYN Center,One Main St.,Harford,CT,06106,http://hartfordgyncenter.com,(860) 525-1900,
Health Quarters  -  Beverly,100 Cummings Center,Beverly,MA,01915,https://healthq.org/contact/beverly-ma.html,(978) 705-4039,
Health Quarters  -  Haverhill,215 Summer St.,Haverhill,MA,01830,https://healthq.org/contact/haverhill-ma.html,(978) 228-2291,
Health Quarters  -  Lawrence,280 Merrimack Street,Lawrence,MA,01843,https://healthq.org/contact/lawrence-ma.html,(978) 705-6637,
"Healthy Futures, P.C.",300 E Hampden Ave Suite 201,Englewood,CO,80113,http://healthyfuturesforwomen.com,(303) 991-7700,(866) 254-8823
Heritage Clinic for Women,320 East Fulton St,Grand Rapids,MI,49503,http://heritageclinic.com,(616) 458-3694,(800) 345-1393
Highland Park Health Center (Planned Parenthood of Pasadena and the San Gabriel Valley),5903 N Figueroa St,Los Angeles,CA,90042,https://pppsgv.org,(626) 798-0706,
Hillcrest Clinic of Baltimore,5602 Baltimore National Pike,Baltimore,MD,21228,http://hillcrestclinic.com,(410) 788-4400,
Hillcrest Women's Medical Center,5602 Baltimore National Pike,Catonsville,MD,21228,https://potomacfamilyplanning.com,(717) 234-4994,(800) 245-2040
Hillman East Portland Center (Planned Parenthood Columbia Willamette),14601 SE Division Street,Portland,OR,97236,https://ppcw.org,(888) 875-7820,
Hope Clinic for Women,1602 21st St.,Granite City,IL,62040,http://hopeclinic.com,(618) 451-5722,(800) 844-3130
Hope Medical Group for Women,210 Kings Hwy,Shreveport,LA,71104,http://hopemedical.com,(318) 221-5500,(800) 448-5004
Houston Women's Clinic,4820 San Jacinto St.,Houston,TX,77004,http://houstonwomensclinic.com,(713) 868-4483," LA)"""
Houston Women's Reproductive Services,5225 Katy Freeway Suite 370,Houston,TX,77007,https://houstonwomensreproductiveservices.com,(281) 501-2197,
Hudson Health Center (Upper Hudson Planned Parenthood),804 Columbia Street,Hudson,NY,12534,https://uhpp.org,(518) 828-4675,
Indianapolis Women's Center,1201 North Arlington Ave.,Indianapolis,IN,46219,http://womensmedcenter.com,(317) 353-9371,(800) 382-9029
Iowa City Health Center (Planned Parenthood North Central States),850 Orchard St.,Iowa City,IA,52246,https://ppncs.org,(877) 811-7526,
Jackson Women's Health Organization,2903 North State Street,Jackson,MS,39216,http://jacksonwomenshealth.com,(601) 366-2261,
"Jacksonville Health Center (Planned Parenthood of South, East and North Florida, Inc.)",5978 Powers Avenue,Jacksonville,FL,32217,https://ppsenfl.org,(904) 399-2800,
"Jean Shehan Health Center (Planned Parenthood of South, East and North Florida, Inc.)",1378 Coral Way,Miami,FL,33145,https://ppsenfl.org,(305) 285-5535,
Joan G. Lovering Health Center,559 Portsmouth Ave.,Greenland,NH,03840,http://joangloveringhealthcenter.org,(603) 436-7588,
John H. Stroger Jr. Hospital of Cook County,2240 West Ogden Avenue,Chicago,IL,60612,http://ccbhs.org/pages/StrogerHospitalofCookCounty.htm,(312) 864-0850,
Just the Pill,,,,,https://justthepill.com,,
Keene Health Center (Planned Parenthood of Northern New England),8 Middle Street,Keene,NH,03431,http://ppnne.org,(603) 352-6898,
"Kendall Health Center (Planned Parenthood of South, East and North Florida, Inc.)",8900 SW 117th Ave STE 207B,Miami,FL,33173,https://ppsenfl.org,(786) 263-0001,
Kissimmee Health Center (Planned Parenthood of Southwest and Central Florida),610 Oak Commons Blvd.,Kissimmee,FL,34741,https://ppswcf.org/,(407) 246-1788,
Knoxville Center for Reproductive Health,1547 W. Clinch Ave.,Knoxville,TN,37916,http://kcrh.com,(865) 637-3861,(800) 325-5357
Knoxville Health Center (Planned Parenthood of Tennessee and North Mississippi),710 N. Cherry St.,Knoxville,TN,37914,https://pptnm.org,(866) 711-1717,
"Lakeland Women's Health Center, Inc.",4444 South Florida Avenue,Lakeland,FL,33813,http://floridaabortion.com,(863) 644-7541,(800) 733-7541
"Las Vegas East Flamingo Health Center (Planned Parenthood of the Rocky Mountains, Inc.)",3300 E. Flamingo Road,Las Vegas,NV,89121,http://pprm.org,(702) 547-9888,
"Las Vegas West Charleston Health Center (Planned Parenthood of the Rocky Mountains, Inc.)",3220 W. Charleston Blvd.,Las Vegas,NV,89102,https://pprm.org,702-878-7776,
Lincoln South Health Center (Planned Parenthood North Central States),5631 S. 48th Street,Lincoln,NE,98516,https://ppncs.org,(877) 811-7526,
Little Rock Family Planning Services,4 Office Park Drive,Little Rock,AR,72211,http://lrfps.com,(501) 225-3836,(800) 272-2183
"Littleton (Planned Parenthood of the Rocky Mountains, Inc.)",131 W. Country Line Rd.,Littleton,CO,80129,http://pprm.org,(303) 798-0963,
Mabel Wadsworth Women's Health Center,700 Mt. Hope Ave.,Bangor,ME,04401,http://mabelwadsworth.org,(207) 947-5337,(800) 948-5337
Maimonides Medical Center,967 48th Street,Brooklyn,NY,11219,,(718) 283-8959,
"Maine Family Planning, Augusta",43 Gabriel Dr.,Augusta,ME,04330,http://MaineFamilyPlanning.org,(207) 626-3243,
"Maine Family Planning, Bangor",68 Mount Hope Ave,Bangor,ME,04401,http://MaineFamilyPlanning.org,(207) 626-3243,
"Maine Family Planning, Belfast",147 Waldo Ave.,Belfast,ME,04915,https://mainefamilyplanning.org/,(207) 626-3243,
"Maine Family Planning, Calais",43 Union Street,Calais,ME,04619,http://MaineFamilyPlanning.org,(207) 626-3243,
"Maine Family Planning, Damariscotta",767 Main Street,Damariscotta,ME,04543,http://MaineFamilyPlanning.org,(207) 626-3243,
"Maine Family Planning, Dexter",311 Corinna Road,Dexter,ME,04930,http://MaineFamilyPlanning.org,(207) 626-3243,
"Maine Family Planning, Ellsworth",248 State Street,Ellsworth,ME,04605,http://MaineFamilyPlanning.org,(207) 626-3243,
"Maine Family Planning, Farmington",193 Front Street,Farmington,ME,04938,http://MaineFamilyPlanning.org,(207) 626-3243,
"Maine Family Planning, Fort Kent",139 Market Street,Forth Kent,ME,04743,http://MaineFamilyPlanning.org,(207) 626-3243,
"Maine Family Planning, Houlton",91 Military Street,Houlton,ME,04730,http://MaineFamilyPlanning.org,(207) 626-3243,
"Maine Family Planning, Lewiston",179 Lisbon Street,Lewiston,ME,04240,http://MaineFamilyPlanning.org,(207) 626-3243,
"Maine Family Planning, Machias",247 Main Street,Machias,ME,04654,http://MaineFamilyPlanning.org,(207) 626-3243,
"Maine Family Planning, Norway",9 Marston Street,Norway,ME,04268,http://MaineFamilyPlanning.org,(207) 626-3243,
"Maine Family Planning, Presque Isle",5 Martin Street,Presque Isle,ME,04769,http://MaineFamilyPlanning.org,(207) 626-3243,
"Maine Family Planning, Rockland",22 White Street,Rockland,ME,04841,http://MaineFamilyPlanning.org,(207) 626-3243,
"Maine Family Planning, Rumford",218 Penobscot Street,Rumford,ME,04276,http://MaineFamilyPlanning.org,(207) 626-3243,
"Maine Family Planning, Skowhegan",188 Madison Avenue,Skowhegan,ME,04976,http://MaineFamilyPlanning.org,(207) 626-3243,
"Maine Family Planning, Waterville",18 Silver Street,Waterville,ME,04901,http://MaineFamilyPlanning.org,(207) 626-3243,
Manchester Health Center (Planned Parenthood of Northern New England),24 Pennacook St.,Manchester,NH,03104,http://ppnne.org,(603) 669-7321,
Memphis Health Center (Planned Parenthood of Tennessee and North Mississippi),2430 Poplar Avenue,Memphis,TN,38112,https://pptnm.org,(866) 711-1717,
Merrimack Valley Women's Health Services,288 Groveland St,Haverhill,MA,01830,http://merrimackvalleywomenshealth.com,(978) 688-7222,
Metropolitan Surgical Associates,40 Engle St.,Englewood,NJ,07631,https://metropolitanmedicalassociates.com/,(201) 567-0522,
Milwaukie-Oak Grove Health Center (Planned Parenthood Columbia Willamette),14411 SE McLoughlin Blvd,Milwaukie,OR,97267,https://ppcw.org,(888) 875-7820,
Minneapolis Health Center (Planned Parenthood North Central States),1200 Lagoon Avenue,Minneapolis,MN,55408,https://ppncs.org,(612) 823-6300,
"Morristown Health Center (Planned Parenthood of Northern, Central and Southern New Jersey, Inc.)",196 Speedwell Avenue,Morristown,NJ,07960,https://ppncsnj.org,(973) 539-1364,
Mount Vernon Health Center (Mt. Baker Planned Parenthood),1805 E Division Street,Mount Vernon,WA,98274,https://mbpp.org,(360) 848-1744,
Mt. Auburn Health Center (Planned Parenthood Southwest Ohio Region),3414 Auburn Ave,Cincinnati,OH,45219,https://ppswo.org,(513) 287-6484,
"My Choice Medical Center, Inc.",7232 Van Nuys Blvd.,Van Nuys,CA,91405,http://mychoicemedicalcenter.com,(866) 397-3070,
Naples Health Center (Planned Parenthood of Southwest and Central Florida),1425 Creech Rd,Naples,FL,34103,https://ppswcf.org/,(239) 262-0301,
Nashville Health Center (Planned Parenthood of Tennessee and North Mississppi),412 Dr. DB Todd Jr. Blvd.,Nashville,TN,37203,https://pptnm.org,(866) 711-1717,
NE Portland Health Center (Planned Parenthood Columbia Willamette),3727 NE Martin Luther King Jr. Boulevard,Portland,OR,97212,http://ppcw.org,(888) 875-7820,
"New Brunswick Center (Planned Parenthood of Northern, Central and Southern New Jersey, Inc.)",10B Industrial Drive,New Brunswick,NJ,08901,https://ppncsnj.org,(732) 246-2411,
"Newton Health Center (Planned Parenthood of Northern, Central and Southern New Jersey, Inc.)",8 Moran Street,Newton,NJ,07860,https://ppncsnj.org,(973) 383-5218,
Niagara Falls – Portage Health Center (Planned Parenthood of Central and Western New York),750 Portage Road,Niagara Falls,NY,14301,https://ppcwny.org,(716) 831-2200,
North Durham Women's Health,400 Crutchfield St.,Durham,NC,27704,http://northdurhamwomenshealth.com,(919) 908-6449,(855) 443-4892
North Florida Women's Services,1345 Cross Creek Circle,Tallahassee,FL,32301,http://northfloridawomenshealth.com,(850) 877-3183,
North Tampa Health Center (Planned Parenthood of Southwest and Central Florida),236 E. Bearss Avenue,Tampa,FL,33613,https://ppswcf.org/,(813) 443-9694,
North Tonawanda Health Center (Planned Parenthood of Central and Western New York),15 Webster Street,North Tonawanda,NY,14120,https://ppcwny.org,(716) 831-2200,(800) 230-7526
Northeast Ohio Women's Center-Cuyahoga Falls,2127 State Rd.,Cuyahoga Falls,OH,44223,https://northeastohioabortion.com/,(330) 923-4009,
Northeast Ohio Women's Center-Shaker Heights,3461 Warrensville Center Road,Shaker Heights,OH,44122,https://northeastohioabortion.com/,(330) 923-4009,
Northland Family Planning Center-East/Sterling Heights,3810 17 Mile Road,East Sterling Heights,MI,48310,http://northlandfamilyplanning.com,(586) 268-1700,(800) 447-7354 (MI)
Northland Family Planning Center-Southfield,24450 Evergreen Rd.,Southfield,MI,48075,http://northlandfamilyplanning.com,(248) 559-0590,(800) 447-7354 (MI)
Northland Family Planning Center-Westland,35000 Ford Rd.,Westland,MI,48185,http://northlandfamilyplanning.com,(734) 721-4700,(800) 447-7354 (MI)
Obstetrics and Gynecology Care Center,2 Dudley St.,Providence,RI,02905,http://www.womenandinfants.org/,(401) 274-1122 ext. 2748,
Office of Boris Orkin,18 Queens Circle,Boston,MA,02067,http://abortion-clinic-boston.com,(888) 410-3678,
"Office of Michael J. Benjamin, M.D.",7777 North University Dr.,Ft. Lauderdale,FL,33321,http://drbenjamin.com,(954) 720-7777,(888) 808-7581
Old National Gynecology,6210 Old National Highway,College Park,GA,30349,http://www.atlanta-abortion-clinic.com/,(770) 991-7552,
Oregon Health & Science University,3181 SW Sam Jackson Park Rd,Portland,OR,97239,https://www.ohsu.edu/,(503) 494-3103,
"Paley Family Planning, Einstein Medical Center Philadelphia",5501 Old York Road,Philadelphia,PA,19141,https://einstein.edu,(215) 420-0988,
Parkmed Women's Center,800 2nd Ave.,New York,NY,10017,http://parkmed.com,(212) 686-6066,
Pasadena Health Center (Planned Parenthood of Pasadena and the San Gabriel Valley),1045 N Lake Ave.,Pasadena,CA,91104,https://pppsgv.org,(626) 798-0706,
"Pembroke Pines Health Center (Planned Parenthood of South, East and North Florida, Inc.)",263 N. University Drive,Pembroke Pines,FL,33024,https://ppsenfl.org,(954) 989-5747,
Penn Family Planning and Pregnancy Loss Center,3400 Spruce Street 1000 Courtyard,Philadelphia,PA,19104,,(215) 615-5234,
"Perth Amboy Center (Planned Parenthood of Northern, Central and Southern New Jersey, Inc.)",450 Market Street,Perth Amboy,NJ,08861,https://ppncsnj.org,(732) 442-4499,
Philadelphia Women's Center,777 Appletree St.,Philadelphia,PA,19106,http://philadelphiawomenscenter.com,(215) 574-3590,
Planned Parenthood Association of Utah,654 S 900 E,Salt Lake City,UT,84102,http://ppau.org,(801) 532-1586,
"Planned Parenthood Center for Choice, Inc.",4600 Gulf Freeway,Houston,TX,77023,http://ppcenterforchoice.org,(713) 535-2400,
Planned Parenthood Heights (Planned Parenthood of Montana),100 West Wicks Lane,Billings,MT,59105,https://ppmontana.org,(406) 869-5040,
Planned Parenthood Helena (Planned Parenthood of Montana),1500 Cannon Street,Helena,MT,59601,https://ppmontana.org,(406) 443-7676,
"Planned Parenthood Prince George’s County (Planned Parenthood of Metropolitan Washington, DC)",5001 Silver Hill Rd #105,Suitland,MD,20746,https://ppmetrodc.org,(240) 563-1220,
Planned Parenthood South Texas Surgical Center,2140 Babcock Rd,San Antonio,TX,78229,https://www.plannedparenthood.org/health-center/texas/san-antonio/78229/planned-parenthood-south-texas-medical-center-2967-91710,(800) 230-7526,(210) 736-2262
Planned Parenthood West (Planned Parenthood of Montana),1844 Broadwater #4,Billings,MT,59102,https://ppmontana.org,(406) 656-9980,
Plattsburgh Health Center (Planned Parenthood of the North Country New York),66 Brinkerhoff Street,Plattsburgh,NY,12901,https://ppncny.org,(518) 561-4430,
Portland Health Center (Planned Parenthood Northern New England),443 Congress Street,Portland,ME,04104,http://ppnne.org,(207) 797-8881,
Potomac Family Planning Center,966 Hungerford Dr.,Rockville,MD,20850,http://potomacfamilyplanning.com,(301) 251-9124,(800) 260-2464
Presidential Women's Center,100 Northpoint Pkwy.,West Palm Beach,FL,33407,http://presidentialcenter.com,(561) 686-3859,
Preterm,12000 Shaker Boulevard,Cleveland,OH,44120,http://preterm.org,(216) 991-4000,(877) 773-8376
Red River Women's Clinic,512 First Avenue North,Fargo,ND,58102,http://redriverwomensclinic.com,(701) 298-9999,(888) 928-9009
Reproductive Health Services (Planned Parenthood of the St. Louis Region and Southwest Missouri),4521 Forest Park Ave,St. Louis,MO,63108,https://ppslr.org,(314) 531-7526,
Reproductive Health Services of Montgomery,811 South Perry Street,Montgomery,AL,36104,http://rhs4choice.com,(334) 834-4988,(800) 277-0156
Reproductive Services of Tulsa,6136 East 32nd Place,Tulsa,OK,74135,http://reproductiveservicesoklahoma.com,(918) 665-6400,(800) 821-7237
Roanoke Health Center (Planned Parenthood South Atlantic),2207 Peters Creek Rd NW,Roanoke,VA,24017,https://ppsat.org,(540) 562-3457,
"Robbinsdale Clinic, P.A.",3819 W. Broadway,Robbinsdale,MN,55422,http://robbinsdaleclinic.com,(763) 533-2534,
Rochester Health Center (Planned Parenthood North Central States),1212 7th St. NW,Rochester,MN,55901,https://ppncs.org,(651) 698-2406,
Rochester Health Center (Planned Parenthood of Central and Western New York),114 University Avenue,Rochester,NY,14605,https://ppcwny.org,(585) 546-2595,
Rosenfield Center (Planned Parenthood North Central States),1000 E. Army Post Rd.,Des Moines,IA,50315,https://ppncs.org,(877) 811-7526,
Rutland Health Center (Planned Parenthood of Northern New England),11 Burnham Ave.,Rutland,VT,05701,http://ppnne.org,(802) 775-2333,
Safe and Sound,3131 La Canada Street,Las Vegas,NV,89169,http://safeandsoundforwomen.com,(702) 221-7233,
Salem Health Center (Planned Parenthood Columbia Willamette),3825 Wolverine St. NE,Salem,OR,97305,http://ppcw.org,(503)788-7273,(888) 875-7820
"San Mateao Health Center (Planned Parenthood of the Rocky Mountains, Inc.)",719 San Mateo Blvd. NE,Albuquerque,NM,87108,http://pprm.org,(505) 265-9511,
Sanford Health Center (Planned Parenthood of Northern New England),886 Main Street,Sanford,ME,04073,https://ppnne.org,(207) 324-9385,
"Santa Fe Health Center (Planned Parenthood of the Rocky Mountains, Inc.)",730 St. Michaels Drive,Santa Fe,NM,87505,http://pprm.org,(505) 982-3684,
Sarasota Health Center (Planned Parenthood of Southwest and Central Florida),736 Central Avenue,Sarasota,FL,34236,https://ppswcf.org/,(941) 953-4060,
Savannah Medical Clinic,120 East 34th St,Savannah,GA,31401,http://savannahmedicalclinic.com,(912) 236-1603,
Scotsdale Women's Center,19305 West Seven Mile Rd.,Detroit,MI,48219,http://scotsdalewomenscenter.com,(313) 538-2020,
"Shrewsbury Center (Planned Parenthood of Northern, Central and Southern New Jersey, Inc.)",69 East Newman Springs Road,Shrewsbury,NJ,07702,https://ppncsnj.org,(732) 842-9300,
Silver Spring Family Planning,1111 Spring St.,Silver Spring,MD,20910,http://silverspringwomenscare.com,(240) 691-4390,
Sioux Falls Health Center (Planned Parenthood North Central States),6511 West 41st St.,Sioux Falls,SD,57106,https://ppncs.org,(605) 361-5100,(800) 314-7216
South Austin Abortion Services Center (Planned Parenthood of Greater Texas Surgical Health Services),201 E. Ben White Blvd.,Austin,TX,78704,https://ppgt.org,(512) 276-8000,
South Dallas Abortion Services Center (Planned Parenthood of Greater Texas Surgical Health Services),7989 West Virginia Drive,Dallas,TX,75237,https://ppgt.org,(214) 373-1868,
Southern Tier Women's Health Services LLC,149 Vestal Parkway West,Vestal,NY,13851,http://amycousinsmd.com/,(800) 676-9011,(607) 785-4171
Southwest Fort Worth Abortion Services (Planned Parenthood of Greater Texas Surgical Health Services),6464 John Ryan Drive,Fort Worth,TX,76132,https://ppgt.org,(817) 277-6610,
Southwestern Women's Options,522 Lomas Blvd. NE,Albuquerque,NM,87102,http://curtisboydmd.com,(505) 242-9592,(800) 777-7630
Southwestern Women's Surgery Center,8616 Greenville Ave.,Dallas,TX,75243,http://fairmountcenter.com,(214) 742-9310,(800) 727-2255
St. Paul Health Center  -  Vandalia (Planned Parenthood North Central States),671 Vandalia Street,St. Paul,MN,55114,https://ppncs.org,(651) 698-2406,
St. Petersburg Woman's Health Center,3401 66th Street North,St. Petersburg,FL,33710,http://tampabayabortionclinics.com,(727) 381-6620,
Stamford Hospital,1 Hospital Plaza,Stamford,CT,06902,https://stamfordhealth.org,(203) 276-2030,
"Steamboat Springs (Planned Parenthood of the Rocky Mountains, Inc.)",1104 B 11th St.,Steamboat Springs,CO,80477,http://pprm.org,(970) 879-2212,
"Summit Medical Center, Atlanta",1874 Piedmont Ave.,Atlanta,GA,30324,http://summitcenters.com,(800) 537-2985,(800) 537-2985
"Summit Medical Center, Detroit",15801 West McNichols St.,Detroit,MI,48235,http://summitcenters.com,(313) 272-8450,
Syracuse Health Center (Planned Parenthood of Central and Western New York),1120 East Genesee Street,Syracuse,NY,13210,https://ppcwny.org,(315) 475-5540,
"Tallahassee Health Center (Planned Parenthood of South, East and North Florida, Inc.)",2618 W Tennessee Street,Tallahassee,FL,32304,https://ppsenfl.org,(850) 574-7455,
Tampa Woman's Health Center,2010 East Fletcher Ave..,Tampa,FL,33612,http://tampabayabortionclinics.com,(813) 977-6176,
The Womens' Center of Houston,8200 Wednesbury Lane,Houston,TX,77074,http://www.womenscenterofhouston.com/,(713) 526-8585,
Topsham Health Center (Planned Parenthood of Northern New England),4 Bowdoin Mill Island,Topsham,ME,04086,https://ppnne.org,(207) 725-8264,
Towson Health Center (Planned Parenthood of Maryland),8501 Lasalle Rd Suite 309,Towson,MD,21286,https://ppmaryland.org,(410) 576-1414,
"Treasure Coast Health Center (Planned Parenthood of South, East and North Florida, Inc.)",1696 SE Hillmoor Dr.,Port Saint Lucie,FL,34952,https://ppsenfl.org,(772) 692-2023,
"Trenton Health Center (Planned Parenthood of Northern, Central and Southern New Jersey, Inc.)",437 East State Street,Trenton,NJ,08608,https://ppncsnj.org,(609) 599-4881,
Troy Health Center (Upper Hudson Planned Parenthood),200 Broadway,Troy,NY,12180,https://uhpp.org,(518) 434-5678,
Trust Women  -  Wichita,5107 E Kellogg Dr,Wichita,Ks,67218,https://trustwomen.org/clinics/wichita/home,(316) 260-6934,
Trust Women-Oklahoma City,1240 S.W. 44th Street,Oklahoma City,OK,73109,https://trustwomen.org/clinics/oklahoma-city/home,(405) 429-7940,
UCLA Hospital and Clinics,1010 Veteran Avenue,Los Angeles,CA,90025,http://obgyn.ucla.edu/obgyn-locations,(310) 825-5961,
"UCSF Family Planning Services, Mt. Zion",2356 Sutter Street,San Francisco,CA,94115,https://www.ucsfhealth.org/clinics/womens-options-center,(415) 353-7003,
"University of Illinois Medical Center, Center for Reproductive Health",820 S. Wood St. MC 808,Chicago,IL,60612,http://uic.edu/orgs/womenshealth/CRH.htm,(312) 413-8553,
"University of New Mexico, Center for Reproductive Health",2301 Yale Bldg SE,Albuquerque,NM,87106,http://unmcrh.org,(505) 925-4455,
"University of North Carolina at Chapel Hill, North Carolina Women's Hospital",D4002 Old Clinic Building,Chapel Hill,NC,27599,https://www.med.unc.edu/obgyn/family-planning/,(919) 843-5633,
University of Washington Medical Center,1959 NE Pacific Street,Seattle,WA,98195,http://uwmedicine.org/familyplanning,(206) 598-5500,
University Women's Services,300 Halket St,Pittsburgh,PA,15213,,(412) 641-5451,
Vancouver Health Center (Planned Parenthood Columbia Willamette),11516 SE Mill Plain Blvd.,Vancouver,WA,98684,http://ppcw.org,(503) 788-7273,(888) 875-7820
Wasatch Women's Center,715 E. 3900 Street S.,Salt Lake City,UT,84109,http://wasatchwomenscenter.net/,(801) 263-2111,
"Washington Health Center (Planned Parenthood of Northern, Central and Southern New Jersey, Inc.)",66 East Washington Avenue,Washington,NJ,07882,https://ppncsnj.org,(908) 454-3000,
Washington Hospital Center,106 Irving St. NW,Washington,DC,20010,http://gynpages.com/dcabortionclinic,(202) 877-7479,
Washington Surgi-Clinic,2112 F St. NW,Washington,DC,20037,https://www.washingtonsurgi-clinic.com/,(202) 659-9403,
Watertown Health Center (Planned Parenthood of the North Country New York),160 Stone Street,Watertown,NY,13601,https://ppncny.org,(315) 788-8065,
"WE Health Clinic, P.A.",32 E First Street,Duluth,MN,55808,https://wehealthclinic.org/,(256) 536-2231,(218) 727-3352
"Wellington Health Center (Planned Parenthood of South, East and North Florida, Inc.)",10111 Forest Hill Blvd.,Wellington,FL,33414,https://ppsenfl.org,(561) 296-4919,
West Alabama Women's Center,535 Jack Warner Parkway NW,Tuscaloosa,AL,35404,https://alabortionclinic.com/,(205) 556-2026,(800) 616-2383
West End Women's Medical Group,5915 Tyrone Rd.,Reno,NV,89502,http://abortion.cc,(775) 827-0616,
West Seneca Health Center (Planned Parenthood of Central and Western New York),240 Center Road,West Seneca,NY,14224,https://ppcwny.org,(716) 831-2200,(800) 230-7526
Western Massachusetts Health Center (Planned Parenthood League of Massachusetts),3550 Main Street,Springfield,MA,01107,https://pplm.org,(800) 258-4448,
White River Junction Health Center (Planned Parenthood of Northern New England),79 South Main Street,White River Junction,VT,05001,https://ppnne.org,(802) 281-6056,
Whole Woman's Health and Family Center of Alexandria,2839 Duke St,Alexandria,VA,22314,https://www.wholewomanshealth.com/clinic/alexandria/,(703)751-4702,
Whole Woman's Health of Austin,4100 Duval Rd. Suite 201,Austin,TX,78759,https://www.wholewomanshealth.com/clinic/austin/,(512) 250-1005,
Whole Woman's Health of Baltimore,7648 Belair Rd.,Baltimore,MD,21236,https://www.wholewomanshealth.com/clinic/baltimore/,(410) 661-2900,
Whole Woman's Health of Fort Worth,3256 Lackland Rd.,Fort Worth,TX,76116,https://www.wholewomanshealth.com/clinic/fort-worth/,(817) 924-6641,
Whole Woman's Health of McAllen,802 South Main St.,McAllen,TX,78501,https://www.wholewomanshealth.com/clinic/mcallen/,(956) 686-2137,
Whole Woman's Health of the Twin Cities,8053 E Bloomington Fwy,Bloomington,MN,55420,http://wholewomanshealth.com/twin-cities,(612) 376-7708,(877) 835-1090
Whole Women's Health of Charlottesville,2321 Commonwealth Drive,Charlottesville,VA,22901,https://www.wholewomanshealth.com/clinic/charlottesville/,(434) 973-4888,
Whole Women's Health of South Bend,3511 Lincoln Way W,South Bend,IN,46628,https://www.wholewomanshealth.com/clinic/south-bend/,(574) 232-2070,
Williston Health Center (Planned Parenthood of Northern New England),75 Talcott Road,Williston,VT,05495,https://ppnne.org,(802) 879-4800,
Wilmington Center (Planned Parenthood of Delaware),625 N Shipley St,Wilmington,DE,19801,http://ppde.org,(302) 678-5200,
Wilmington Health Center (Planned Parenthood South Atlantic),1925 Tradd Ct.,Wilmington,NC,28401,https://ppsat.org,(910) 762-5566,
Winston-Salem Health Center (Planned Parenthood South Atlantic),3000 Maplewood Ave,Winston-Salem,NC,27103,https://ppsat.org,(336) 768-2980,
Women's Community Clinic,1735 Mission Street,San Francisco,CA,94115,http://womenscommunityclinic.org/,(415) 379-7800,
Women's Health Care Center,2701 General Pershing Street,New Orleans,LA,70115,http://www.womenshealthcarecenter.com/,(504) 899-6010,
Women's Health Care Center-Flint,G-3422 Flushing Road,Flint,MI,48504,https://whcofmi.com/,(810) 230-1300,(800) 336-4471
Women's Health Care Center-Saginaw,3141 S. Cabaret Trail,Saginaw,MI,48603,https://whcofmi.com/,(989) 790-1040,(800) 660-6234
Women's Health Center of West Virginia,510 W Washington St,Charleston,WV,25302,http://whcwva.com,(304) 344-9834,(800) 642-8670
Women's Health Services,111 Harvard St.,Brookline,MA,02446,http://womenshealthservice.com,(617) 277-0009,
Women's Health Specialists  -  Chico,1469 Humboldt Road,Chico,CA,95928,http://womenshealthspecialists.org,(530) 891-1917,Spanish/español: (800) 714-8151
Women's Health Specialists  -  Grass Valley,984 Plaza Drive Suite S,Grass Valley,CA,95945,https://www.womenshealthspecialists.org/,(800) 714-8151,
Women's Health Specialists  -  Redding,1901 Victor Avenue,Redding,CA,96004,http://womenshealthspecialists.org,(530) 221-0194,Spanish/español: (800) 714-8151
Women's Med Center of Dayton,1401 East Stroop Rd.,Dayton,OH,45429,http://womensmedcenter.com,(937) 293-3917,(800) 672-6810
Women's OB/GYN Center of Countryside (Clearwater),28960 Hwy 19 N.,Clearwater,FL,33761,http://floridaabortion.com,(727) 785-2525,(800) 827-0082
"Women's Options Center, San Francisco General (UCSF)",1001 Potrero Avenue,San Francisco,CA,94110,https://womensoptionscenter.org/,(628) 206-8476,
Your Choice Healthcare of Columbus,6721 Karl Road,Columbus,OH,43229,https://www.yourchoicecbus.com/,(614) 927-0500,
